"Сезон коллекции";"Вид сезона";"Название коллекции";"Первая цена";"Текущая цена";"Название модели";"Уникальный код модели";"Линейка размеров";Пол;"Тип обуви";"Возможные цвета";"Материал изготовления";"Страна изготовления";url
;;;;;;;;Женский;;;;;http://www.carlopazolini.com/ru/collection/women/shoes
;;;;;;;;Мужской;;;;;http://www.carlopazolini.com/ru/collection/men/shoes
;;;;;;;;;;;;;http://www.carlopazolini.com/ru/
;;;;;;;;Женский;БОСОНОЖКИ;;;;http://www.carlopazolini.com/ru/collection/women/shoes/heel-sandals
;;;;;;;;Женский;"НА ТАНКЕТКЕ";;;;http://www.carlopazolini.com/ru/collection/women/shoes/wedges
;;;;;;;;Женский;"НА ШНУРКАХ И ЛОФЕРЫ";;;;http://www.carlopazolini.com/ru/collection/women/shoes/lace-ups-and-loafers
;;;;;;;;Женский;БАЛЕТКИ;;;;http://www.carlopazolini.com/ru/collection/women/shoes/ballet-flats
;;;;;;;;Женский;МОКАСИНЫ;;;;http://www.carlopazolini.com/ru/collection/women/shoes/moccasins
;;;;;;;;Женский;СНИКЕРЫ;;;;http://www.carlopazolini.com/ru/collection/women/shoes/sneakers
;;;;;;;;Женский;САНДАЛИИ;;;;http://www.carlopazolini.com/ru/collection/women/shoes/sandals
;;;;12400;AS-DRA2-3;AS-DRA2-3;37,38,39;Женский;ТУФЛИ;бежевый;"Туфли из кожи с металлической фурнитурой";Италия;http://www.carlopazolini.com/ru/collection/women/shoes/pumps/as-dra2-3
;;;;12900;AS-KDY1-3;AS-KDY1-3;36,37,38;Женский;ТУФЛИ;бежевый;"Туфли из лаковой кожи с перфорацией";Италия;http://www.carlopazolini.com/ru/collection/women/shoes/pumps/as-kdy1-3
;;;;14400;CR-MAI4-12;CR-MAI4-12;36,37;Женский;ТУФЛИ;розовый;"Туфли из лаковой кожи";Италия;http://www.carlopazolini.com/ru/collection/women/shoes/pumps/cr-mai4-12
;;;;7400;FL-FIN7-1;FL-FIN7-1;35,36,36.5,37,37.5,38,39;Женский;ТУФЛИ;черный;"Туфли из лаковой кожи";Китай;http://www.carlopazolini.com/ru/collection/women/shoes/pumps/fl-fin7-1
;;;;7400;FL-FIN7-5;FL-FIN7-5;35,36,36.5,37,37.5,38,38.5,39;Женский;ТУФЛИ;красный;"Туфли из лаковой кожи";Китай;http://www.carlopazolini.com/ru/collection/women/shoes/pumps/fl-fin7-5
;;;;8900;FL-FIN8-3;FL-FIN8-3;36,36.5,37,37.5,38,39;Женский;ТУФЛИ;бежевый;"Туфли из кожи";Китай;http://www.carlopazolini.com/ru/collection/women/shoes/pumps/fl-fin8-3
;;;;8900;FL-FORT1-10R1;FL-FORT1-10R1;36,37,38,39;Женский;ТУФЛИ;серый;"Туфли из лаковой кожи с перфорацией";Китай;http://www.carlopazolini.com/ru/collection/women/shoes/pumps/fl-fort1-10r1
;;;;6400;FL-GLF2-1;FL-GLF2-1;36,37,38,39,40;Женский;ТУФЛИ;черный;"Туфли из кожи с перфорацией";Китай;http://www.carlopazolini.com/ru/collection/women/shoes/pumps/fl-glf2-1
;;;;6400;FL-GLF2-3;FL-GLF2-3;36,37,38,39,40;Женский;ТУФЛИ;бежевый;"Туфли из кожи с перфорацией";Китай;http://www.carlopazolini.com/ru/collection/women/shoes/pumps/fl-glf2-3
;;;;6900;FL-OKT1-1R2;FL-OKT1-1R2;36,36.5,37,37.5,38,38.5,39,40;Женский;ТУФЛИ;черный;"Туфли из лаковой кожи";Китай;http://www.carlopazolini.com/ru/collection/women/shoes/pumps/fl-okt1-1r2
;;;;6900;FL-OKT1-3;FL-OKT1-3;36,36.5,37,37.5,38,38.5,39,40;Женский;ТУФЛИ;бежевый;"Туфли их кожи";Китай;http://www.carlopazolini.com/ru/collection/women/shoes/pumps/fl-okt1-3
;;;;6900;FL-PTN1-3R1;FL-PTN1-3R1;36,37,37.5,38,38.5,39;Женский;ТУФЛИ;бежевый;"Кожаные туфли с отделкой из лаковой кожи";Китай;http://www.carlopazolini.com/ru/collection/women/shoes/pumps/fl-ptn1-3r1
;;;;6900;FL-PTN2-22;FL-PTN2-22;36,36.5,37,37.5,38,39;Женский;ТУФЛИ;сиреневый;"Туфли из лаковой кожи";Китай;http://www.carlopazolini.com/ru/collection/women/shoes/pumps/fl-ptn2-22
;;;;12900;LF-ELC1-13;LF-ELC1-13;36,37,38;Женский;ТУФЛИ;желтый;"Туфли из лаковой кожи";Италия;http://www.carlopazolini.com/ru/collection/women/shoes/pumps/lf-elc1-13
;;;;12900;LF-ELC1-33;LF-ELC1-33;37,38,39;Женский;ТУФЛИ;бежевый;"Туфли из лаковой кожи";Италия;http://www.carlopazolini.com/ru/collection/women/shoes/pumps/lf-elc1-33
;;;;7400;MT-YLN1-2;MT-YLN1-2;36,37,37.5,38,38.5,39;Женский;ТУФЛИ;коричневый;"Туфли из велюра";Китай;http://www.carlopazolini.com/ru/collection/women/shoes/pumps/mt-yln1-2
;;;;8900;WN-JUZ2-3;WN-JUZ2-3;35,36,36.5,37,37.5,39;Женский;ТУФЛИ;бежевый;"Туфли из лаковой кожи";Китай;http://www.carlopazolini.com/ru/collection/women/shoes/pumps/wn-juz2-3
;;;12050;9640;AS-GES1-20;AS-GES1-20;36,37,37.5,38,39,39.5;Женский;ТУФЛИ;мультиколор;"Кожаные туфли с элементами из прозрачного пластика, высота каблука 80 мм.";Италия;http://www.carlopazolini.com/ru/collection/women/shoes/pumps/as-ges1-20
;;;10750;8600;BI-X2004-14;BI-X2004-14;35,36,37,37.5,38,38.5;Женский;ТУФЛИ;зеленый;"Туфли из лаковой кожи, высота каблука 70 мм.";Италия;http://www.carlopazolini.com/ru/collection/women/shoes/pumps/bi-x2004-14
;;;5750;4600;FL-GLF2-20;FL-GLF2-20;35,36,37,38,40,41;Женский;ТУФЛИ;мультиколор;"Туфли из кожи с элементами из лаковой, высота каблука 85 мм.";Китай;http://www.carlopazolini.com/ru/collection/women/shoes/pumps/fl-glf2-20
;;;5750;4600;FL-GLF3-20;FL-GLF3-20;36,37,38,39,40;Женский;ТУФЛИ;мультиколор;"Туфли из кожи питона с элементами из лаковой кожи, высота каблука 85 мм.";Китай;http://www.carlopazolini.com/ru/collection/women/shoes/pumps/fl-glf3-20
;;;5750;4600;FL-ZEL4-12;FL-ZEL4-12;35,36,36.5,37.5,40;Женский;ТУФЛИ;розовый;"Туфли из лаковой кожи, высота каблука 90 мм.";Китай;http://www.carlopazolini.com/ru/collection/women/shoes/pumps/fl-zel4-12
;;;12050;9640;GA-X2727-1;GA-X2727-1;36,36.5,37,37.5,38,38.5,39,39.5;Женский;ТУФЛИ;черный;"Туфли из лаковой кожи, высота каблука 35 мм.";Италия;http://www.carlopazolini.com/ru/collection/women/shoes/pumps/ga-x2727-1
;;;12050;9640;GA-X2727-12;GA-X2727-12;37,37.5,38,38.5,39,40;Женский;ТУФЛИ;розовый;"Туфли из лаковой кожи, высота каблука 35 мм.";Италия;http://www.carlopazolini.com/ru/collection/women/shoes/pumps/ga-x2727-12
;;;5750;4600;IS-AIS8-20;IS-AIS8-20;36,37,38,39;Женский;ТУФЛИ;мультиколор;"Туфли из кожи питона с элементами из кожи, высота каблука 100 мм.";Китай;http://www.carlopazolini.com/ru/collection/women/shoes/pumps/is-ais8-20
;;;;11900;AS-DRA1-19;AS-DRA1-19;36,37,38;Женский;БОСОНОЖКИ;бежевый/белый;"Босоножки из лаковой кожи";Италия;http://www.carlopazolini.com/ru/collection/women/shoes/heel-sandals/as-dra1-19
;;;;11900;AS-DRA1-20;AS-DRA1-20;37,38,39;Женский;БОСОНОЖКИ;черный/белый;"Босоножки из лаковой кожи";Италия;http://www.carlopazolini.com/ru/collection/women/shoes/heel-sandals/as-dra1-20
;;;;11900;CL-BRO1-36;CL-BRO1-36;36,37,38;Женский;БОСОНОЖКИ;персиковый;"Сабо из лаковой кожи";Италия;http://www.carlopazolini.com/ru/collection/women/shoes/heel-sandals/cl-bro1-36
;;;;12900;CL-JNY3-3;CL-JNY3-3;36,37,38;Женский;БОСОНОЖКИ;бежевый;"Босоножки из кожи";Италия;http://www.carlopazolini.com/ru/collection/women/shoes/heel-sandals/cl-jny3-3
;;;;12900;CL-JNY2-1;CL-JNY2-1;37,38,39;Женский;БОСОНОЖКИ;черный;"Босоножки из кожи";Италия;http://www.carlopazolini.com/ru/collection/women/shoes/heel-sandals/cl-jny2-1
;;;;11900;CL-OCR1-1;CL-OCR1-1;37,38,39;Женский;БОСОНОЖКИ;черный;"Босоножки из лаковой кожи";Италия;http://www.carlopazolini.com/ru/collection/women/shoes/heel-sandals/cl-ocr1-1
;;;;11900;CL-OCR1-12;CL-OCR1-12;36,37,38;Женский;БОСОНОЖКИ;розовый;"Босоножки из лаковой кожи";Италия;http://www.carlopazolini.com/ru/collection/women/shoes/heel-sandals/cl-ocr1-12
;;;;11900;CL-SPO1-19;CL-SPO1-19;37,38,39;Женский;БОСОНОЖКИ;мультиколор;"Босоножки из металлизированной кожи";Италия;http://www.carlopazolini.com/ru/collection/women/shoes/heel-sandals/cl-spo1-19
;;;;13400;CR-FRF2-1;CR-FRF2-1;37,38,39;Женский;БОСОНОЖКИ;черный;"Босоножки из велюра";Италия;http://www.carlopazolini.com/ru/collection/women/shoes/heel-sandals/cr-frf2-1
;;;;7900;FL-STB1-4;FL-STB1-4;35,36,37,38,39;Женский;БОСОНОЖКИ;белый;"Босоножки из кожи";Китай;http://www.carlopazolini.com/ru/collection/women/shoes/heel-sandals/fl-stb1-4
;;;;6900;FL-TAI5-6;FL-TAI5-6;36,37,38,39,40;Женский;БОСОНОЖКИ;синий;"Босоножки из кожи";Китай;http://www.carlopazolini.com/ru/collection/women/shoes/heel-sandals/fl-tai5-6
;;;;9400;FS-X6401-19;FS-X6401-19;36,37,38;Женский;БОСОНОЖКИ;персиковый;"Босоножки из кожи";Италия;http://www.carlopazolini.com/ru/collection/women/shoes/heel-sandals/fs-x6401-19
;;;;9400;FS-X6401-20;FS-X6401-20;37,38,39;Женский;БОСОНОЖКИ;бежевый;"Босоножки из кожи";Италия;http://www.carlopazolini.com/ru/collection/women/shoes/heel-sandals/fs-x6401-20
;;;;7900;FY-DNR1-19;FY-DNR1-19;36,37,38,39,40,41;Женский;БОСОНОЖКИ;мультиколор;"Кожаные босоножки с элементами из лаковой кожи";Китай;http://www.carlopazolini.com/ru/collection/women/shoes/heel-sandals/fy-dnr1-19
;;;;7900;FY-DNR1-20;FY-DNR1-20;35,36,37,38,39,40;Женский;БОСОНОЖКИ;мультиколор;"Кожаные босоножки с элементами из лаковой кожи";Китай;http://www.carlopazolini.com/ru/collection/women/shoes/heel-sandals/fy-dnr1-20
;;;;10400;NA-RAD3-6;NA-RAD3-6;36,37,38,39,40,41;Женский;БОСОНОЖКИ;синий;"Босоножки из лаковой кожи";Италия;http://www.carlopazolini.com/ru/collection/women/shoes/heel-sandals/na-rad3-6
;;;;7400;PW-NAO6-1;PW-NAO6-1;36,37,38,39,40,41;Женский;БОСОНОЖКИ;черный;"Босоножки из кожи";Китай;http://www.carlopazolini.com/ru/collection/women/shoes/heel-sandals/pw-nao6-1
;;;;7400;PW-NAO6-2;PW-NAO6-2;35,36,37,38,39;Женский;БОСОНОЖКИ;коричневый;"Босоножки из кожи";Китай;http://www.carlopazolini.com/ru/collection/women/shoes/heel-sandals/pw-nao6-2
;;;;7400;PW-NAO7-13;PW-NAO7-13;36,37,38,39;Женский;БОСОНОЖКИ;желтый;"Босоножки из лаковой кожи";Китай;http://www.carlopazolini.com/ru/collection/women/shoes/heel-sandals/pw-nao7-13
;;;;7400;PW-NAO7-6;PW-NAO7-6;35,36,37,38,39,40;Женский;БОСОНОЖКИ;синий;"Босоножки из лаковой кожи";Китай;http://www.carlopazolini.com/ru/collection/women/shoes/heel-sandals/pw-nao7-6
;;;;9400;WN-FLP9-1;WN-FLP9-1;36,37,37.5,38,38.5,39;Женский;БОСОНОЖКИ;черный;"Босоножки из велюра";Китай;http://www.carlopazolini.com/ru/collection/women/shoes/heel-sandals/wn-flp9-1
;;;;5900;XT-STF1-3;XT-STF1-3;35,36,37,38,39,40;Женский;БОСОНОЖКИ;бежевый;"Босоножки из кожи";Китай;http://www.carlopazolini.com/ru/collection/women/shoes/heel-sandals/xt-stf1-3
;;;9550;7640;AS-GES3-19;AS-GES3-19;36.5,37,37.5,38,39,39.5;Женский;БОСОНОЖКИ;мультиколор;"Босоножки из велюра, высота каблука 80 мм.";Италия;http://www.carlopazolini.com/ru/collection/women/shoes/heel-sandals/as-ges3-19
;;;12050;9640;CR-ALY1-10;CR-ALY1-10;36,37,37.5,38,38.5,39,40,41;Женский;БОСОНОЖКИ;серый;"Босоножки из лаковой кожи, высота каблука 95 мм.";Италия;http://www.carlopazolini.com/ru/collection/women/shoes/heel-sandals/cr-aly1-10
;;;8250;6600;PR-X0090-6;PR-X0090-6;36,37,37.5,38,39,40;Женский;БОСОНОЖКИ;синий;"Босоножки из велюра, высота каблука 75 мм.";Италия;http://www.carlopazolini.com/ru/collection/women/shoes/heel-sandals/pr-x0090-6
;;;8250;6600;PR-X0090-7;PR-X0090-7;37,37.5,38,38.5,39;Женский;БОСОНОЖКИ;золотой;"Босоножки из металлизированной кожи, высота каблука 75 мм.";Италия;http://www.carlopazolini.com/ru/collection/women/shoes/heel-sandals/pr-x0090-7
;;;;12900;CR-RIM1-20;CR-RIM1-20;36,37,38;Женский;"НА ТАНКЕТКЕ";мультиколор;"Босоножки из лаковой кожи из элементами из велюра";Италия;http://www.carlopazolini.com/ru/collection/women/shoes/wedges/cr-rim1-20
;;;;12900;CR-RIM2-3;CR-RIM2-3;36,37,38;Женский;"НА ТАНКЕТКЕ";бежевый;"Кожаные босоножки с отделкой из лаковой кожи с перфорацией";Италия;http://www.carlopazolini.com/ru/collection/women/shoes/wedges/cr-rim2-3
;;;;12900;CR-RIM2-6;CR-RIM2-6;37,38,39;Женский;"НА ТАНКЕТКЕ";синий;"Кожаные босоножки с отделкой из лаковой кожи с перфорацией";Италия;http://www.carlopazolini.com/ru/collection/women/shoes/wedges/cr-rim2-6
;;;;7400;FG-GMO13-20;FG-GMO13-20;36,37,38,39,40;Женский;"НА ТАНКЕТКЕ";белый;"Туфли из перфорированной кожи с отделкой из лаковой кожи";Китай;http://www.carlopazolini.com/ru/collection/women/shoes/wedges/fg-gmo13-20
;;;;6400;FG-MLG11-3;FG-MLG11-3;36,37,38,39,40;Женский;"НА ТАНКЕТКЕ";бежевый;"Туфли из кожи с перфорацией";Китай;http://www.carlopazolini.com/ru/collection/women/shoes/wedges/fg-mlg11-3
;;;;7900;GP-PRA1-3;GP-PRA1-3;36,37,38,39;Женский;"НА ТАНКЕТКЕ";бежевый;"Босоножки из лаковой кожи";Италия;http://www.carlopazolini.com/ru/collection/women/shoes/wedges/gp-pra1-3
;;;;7900;GP-PRA2-6;GP-PRA2-6;36,37,38,39,40,41;Женский;"НА ТАНКЕТКЕ";синий;"Босоножки из велюра";Италия;http://www.carlopazolini.com/ru/collection/women/shoes/wedges/gp-pra2-6
;;;;6900;MT-SNY20-3;MT-SNY20-3;35,36,37,38,39,40;Женский;"НА ТАНКЕТКЕ";бежевый;"Туфли из кожи";Китай;http://www.carlopazolini.com/ru/collection/women/shoes/wedges/mt-sny20-3
;;;;6900;MT-SNY20-6;MT-SNY20-6;35,36,37,38,39,41;Женский;"НА ТАНКЕТКЕ";синий;"Туфли из кожи";Китай;http://www.carlopazolini.com/ru/collection/women/shoes/wedges/mt-sny20-6
;;;;5900;MT-SNY26-5;MT-SNY26-5;35,36,37,38,39,40,41;Женский;"НА ТАНКЕТКЕ";красный;"Туфли из кожи";Китай;http://www.carlopazolini.com/ru/collection/women/shoes/wedges/mt-sny26-5
;;;;10400;NA-NMC1-20;NA-NMC1-20;36,37,38,39,40;Женский;"НА ТАНКЕТКЕ";мультиколор;"Кожаные босоножки с элементами из лаковой кожи";Италия;http://www.carlopazolini.com/ru/collection/women/shoes/wedges/na-nmc1-20
;;;;10400;NA-NOD1-6;NA-NOD1-6;37,38,39,40,41;Женский;"НА ТАНКЕТКЕ";синий;"Туфли из кожи";Италия;http://www.carlopazolini.com/ru/collection/women/shoes/wedges/na-nod1-6
;;;;6900;PW-VRA2-5;PW-VRA2-5;35,36,37,38,39,40;Женский;"НА ТАНКЕТКЕ";красный;"Босоножки из кожи";Китай;http://www.carlopazolini.com/ru/collection/women/shoes/wedges/pw-vra2-5
;;;;5400;FG-MSH1-1;FG-MSH1-1;36,37,38,39,40;Женский;"НА ШНУРКАХ И ЛОФЕРЫ";черный;"Лоферы из кожи";Китай;http://www.carlopazolini.com/ru/collection/women/shoes/lace-ups-and-loafers/fg-msh1-1
;;;;5400;FG-MSH1-13;FG-MSH1-13;35,36,37,38,39,40;Женский;"НА ШНУРКАХ И ЛОФЕРЫ";желтый;"Лоферы из кожи";Китай;http://www.carlopazolini.com/ru/collection/women/shoes/lace-ups-and-loafers/fg-msh1-13
;;;;5400;FG-MSH1-5;FG-MSH1-5;35,36,37,38,39,40;Женский;"НА ШНУРКАХ И ЛОФЕРЫ";красный;"Лоферы из велюра";Китай;http://www.carlopazolini.com/ru/collection/women/shoes/lace-ups-and-loafers/fg-msh1-5
;;;;6400;FG-SMA1-4R1;FG-SMA1-4R1;36,37,38,39,40;Женский;"НА ШНУРКАХ И ЛОФЕРЫ";белый;"Кожаные полуботинки на шнурках";Китай;http://www.carlopazolini.com/ru/collection/women/shoes/lace-ups-and-loafers/fg-sma1-4r1
;;;;5900;JH-MAX1-14;JH-MAX1-14;36,37,38,39,40;Женский;"НА ШНУРКАХ И ЛОФЕРЫ";зеленый;"Лоферы из велюра с металлической фурнитурой";Китай;http://www.carlopazolini.com/ru/collection/women/shoes/lace-ups-and-loafers/jh-max1-14
;;;;5900;JH-MAX1-5;JH-MAX1-5;35,36,37,38,39;Женский;"НА ШНУРКАХ И ЛОФЕРЫ";красный;"Лоферы из велюра с металлической фурнитурой";Китай;http://www.carlopazolini.com/ru/collection/women/shoes/lace-ups-and-loafers/jh-max1-5
;;;;6400;JH-MAX2-13;JH-MAX2-13;35,36,37,38,39,40;Женский;"НА ШНУРКАХ И ЛОФЕРЫ";желтый;"Лоферы из велюра с металлической фурнитурой";Китай;http://www.carlopazolini.com/ru/collection/women/shoes/lace-ups-and-loafers/jh-max2-13
;;;;6400;JH-MAX2-22;JH-MAX2-22;36,37,38,39,40,41;Женский;"НА ШНУРКАХ И ЛОФЕРЫ";сиреневый;"Лоферы из велюра с металлической фурнитурой";Китай;http://www.carlopazolini.com/ru/collection/women/shoes/lace-ups-and-loafers/jh-max2-22
;;;;5900;MT-PVN1-17;MT-PVN1-17;36,36.5,37,37.5,38,38.5,39,40;Женский;"НА ШНУРКАХ И ЛОФЕРЫ";белый;"Лоферы из кожи с контрастной окантовкой";Китай;http://www.carlopazolini.com/ru/collection/women/shoes/lace-ups-and-loafers/mt-pvn1-17
;;;;6900;PW-SPR3-15;PW-SPR3-15;36,37,38,39;Женский;"НА ШНУРКАХ И ЛОФЕРЫ";оранжевый;"Кожаные полуботинки на шнурках";Китай;http://www.carlopazolini.com/ru/collection/women/shoes/lace-ups-and-loafers/pw-spr3-15
;;;;6400;FG-BEA4-6;FG-BEA4-6;35,36,37,38,39,40;Женский;БАЛЕТКИ;синий;"Балетки из кожи с фирменной фурнитурой";Китай;http://www.carlopazolini.com/ru/collection/women/shoes/ballet-flats/fg-bea4-6
;;;;6900;FL-LAV2-19;FL-LAV2-19;36,37,38,39,40,41;Женский;БАЛЕТКИ;мультиколор;"Кожаные балетки с отделкой из лаковой кожи";Китай;http://www.carlopazolini.com/ru/collection/women/shoes/ballet-flats/fl-lav2-19
;;;;6900;FL-LAV2-20;FL-LAV2-20;35,36,37,38,39,40;Женский;БАЛЕТКИ;мультиколор;"Кожаные балетки с отделкой из лаковой кожи";Китай;http://www.carlopazolini.com/ru/collection/women/shoes/ballet-flats/fl-lav2-20
;;;;6400;MT-TINA1-4;MT-TINA1-4;35,36,37,37.5,38,38.5,39,40;Женский;БАЛЕТКИ;белый;"Балетки из кожи с фирменным декором";Китай;http://www.carlopazolini.com/ru/collection/women/shoes/ballet-flats/mt-tina1-4
;;;;6400;MT-TINA1-6;MT-TINA1-6;36,37,37.5,38,38.5,39,40,41;Женский;БАЛЕТКИ;синий;"Балетки из кожи с фирменным декором";Китай;http://www.carlopazolini.com/ru/collection/women/shoes/ballet-flats/mt-tina1-6
;;;;5900;XT-ADR1-3;XT-ADR1-3;35,36,37,38,39,40;Женский;БАЛЕТКИ;бежевый;"Балетки из кожи";Китай;http://www.carlopazolini.com/ru/collection/women/shoes/ballet-flats/xt-adr1-3
;;;;6900;YG-ZAR1-1;YG-ZAR1-1;35,36,37,38,39,40;Женский;БАЛЕТКИ;черный;"Кожаные балетки с фирменной металлической фурнитурой";Китай;http://www.carlopazolini.com/ru/collection/women/shoes/ballet-flats/yg-zar1-1
;;;;6900;YG-ZAR1-3;YG-ZAR1-3;36,37,38,39,40,41;Женский;БАЛЕТКИ;бежевый;"Кожаные балетки с фирменной металлической фурнитурой";Китай;http://www.carlopazolini.com/ru/collection/women/shoes/ballet-flats/yg-zar1-3
;;;;9400;GO-MET1-6;GO-MET1-6;37,38,39,40;Женский;МОКАСИНЫ;голубой;"Кожаные мокасины с фирменной металлической фурнитурой";Италия;http://www.carlopazolini.com/ru/collection/women/shoes/moccasins/go-met1-6
;;;;6400;JH-MOK1-4;JH-MOK1-4;36,37,38,39,40;Женский;МОКАСИНЫ;белый;"Мокасины из кожи с перфорацией";Китай;http://www.carlopazolini.com/ru/collection/women/shoes/moccasins/jh-mok1-4
;;;;6900;JH-MOK2-13;JH-MOK2-13;36,37,38,39,40,41;Женский;МОКАСИНЫ;желтый;"Мокасины из кожи";Китай;http://www.carlopazolini.com/ru/collection/women/shoes/moccasins/jh-mok2-13
;;;;6900;JH-MOK2-22;JH-MOK2-22;35,36,37,38,39,40;Женский;МОКАСИНЫ;сиреневый;"Мокасины из кожи";Китай;http://www.carlopazolini.com/ru/collection/women/shoes/moccasins/jh-mok2-22
;;;;6900;JH-MOK2-5;JH-MOK2-5;35,36,37,38,39;Женский;МОКАСИНЫ;красный;"Мокасины из кожи";Китай;http://www.carlopazolini.com/ru/collection/women/shoes/moccasins/jh-mok2-5
;;;;6400;TF-KAY1-13;TF-KAY1-13;37,38,39,40,41;Женский;МОКАСИНЫ;желтый;"Мокасины из кожи";Бразилия;http://www.carlopazolini.com/ru/collection/women/shoes/moccasins/tf-kay1-13
;;;;6400;TF-KAY1-14;TF-KAY1-14;36,37,38,39,40;Женский;МОКАСИНЫ;зеленый;"Мокасины из кожи";Бразилия;http://www.carlopazolini.com/ru/collection/women/shoes/moccasins/tf-kay1-14
;;;;6400;TF-KAY1-6;TF-KAY1-6;36,37,38,39,40;Женский;МОКАСИНЫ;синий;"Мокасины из кожи";Бразилия;http://www.carlopazolini.com/ru/collection/women/shoes/moccasins/tf-kay1-6
;;;;10900;FG-GLZ1-13;FG-GLZ1-13;36,37,38,39;Женский;СНИКЕРЫ;мультиколор;"Кеды из кожи";Китай;http://www.carlopazolini.com/ru/collection/women/shoes/sneakers/fg-glz1-13
;;;;9400;FG-GLZ1-22;FG-GLZ1-22;36,37,38,39;Женский;СНИКЕРЫ;сиреневый;"Кеды из велюра с кожаной отделкой";Китай;http://www.carlopazolini.com/ru/collection/women/shoes/sneakers/fg-glz1-22
;;;;7900;HM-VRT1-6;HM-VRT1-6;36,37,38,39,40,41;Женский;СНИКЕРЫ;синий;"Кожаные кеды с отделкой из велюра";Китай;http://www.carlopazolini.com/ru/collection/women/shoes/sneakers/hm-vrt1-6
;;;;9400;RD-JES1-3;RD-JES1-3;36,37,38,39;Женский;СНИКЕРЫ;бежевый;"Кожаные кеды с отделкой из лаковой кожи";Италия;http://www.carlopazolini.com/ru/collection/women/shoes/sneakers/rd-jes1-3
;;;;5900;TF-LOR1-35;TF-LOR1-35;;Женский;САНДАЛИИ;розовый;"Сандалии из металлизированной кожи";Бразилия;http://www.carlopazolini.com/ru/collection/women/shoes/sandals/tf-lor1-35
;;;;6400;TF-MRS1-15;TF-MRS1-15;35,36,37,38,39,40;Женский;САНДАЛИИ;оранжевый;"Сандалии из кожи";Бразилия;http://www.carlopazolini.com/ru/collection/women/shoes/sandals/tf-mrs1-15
;;;;6400;TF-MRS1-23;TF-MRS1-23;36,37,38,39,40;Женский;САНДАЛИИ;зеленый;"Сандалии из кожи";Бразилия;http://www.carlopazolini.com/ru/collection/women/shoes/sandals/tf-mrs1-23
;;;;6400;TF-MRS1-32;TF-MRS1-32;36,37,38,39,40,41;Женский;САНДАЛИИ;коричневый;"Сандалии из кожи";Бразилия;http://www.carlopazolini.com/ru/collection/women/shoes/sandals/tf-mrs1-32
;;;;6400;TF-MRS3-19;TF-MRS3-19;;Женский;САНДАЛИИ;бежевый;"Кожаные сандалии с элементами из металлизированной кожи";Бразилия;http://www.carlopazolini.com/ru/collection/women/shoes/sandals/tf-mrs3-19
;;;;6400;TF-MRS3-20;TF-MRS3-20;36,37,38,39,40,41;Женский;САНДАЛИИ;черный;"Кожаные сандалии с элементами из металлизированной кожи";Бразилия;http://www.carlopazolini.com/ru/collection/women/shoes/sandals/tf-mrs3-20
;;;;6400;TF-MRS5-1;TF-MRS5-1;;Женский;САНДАЛИИ;черный;"Кожаные сандалии с металлической фурнитурой";Бразилия;http://www.carlopazolini.com/ru/collection/women/shoes/sandals/tf-mrs5-1
;;;;6400;TF-MRS5-4;TF-MRS5-4;;Женский;САНДАЛИИ;белый;"Кожаные сандалии с металлической фурнитурой";Бразилия;http://www.carlopazolini.com/ru/collection/women/shoes/sandals/tf-mrs5-4
;;;;5400;WN-AMO5-19R1;WN-AMO5-19R1;35,36,37,38,39,40,41;Женский;САНДАЛИИ;бежевый;"Сандалии из лаковой кожи";Китай;http://www.carlopazolini.com/ru/collection/women/shoes/sandals/wn-amo5-19r1
;;;;5400;WN-AMO7-18R1;WN-AMO7-18R1;35,36,37,38,39,40;Женский;САНДАЛИИ;бежевый;"Сандалии из кожи";Китай;http://www.carlopazolini.com/ru/collection/women/shoes/sandals/wn-amo7-18r1
;;;;;;;;Мужской;"НА ШНУРКАХ";;;;http://www.carlopazolini.com/ru/collection/men/shoes/lace-ups
;;;;;;;;Мужской;МОКАСИНЫ;;;;http://www.carlopazolini.com/ru/collection/men/shoes/moccasins
;;;;;;;;Мужской;СНИКЕРЫ;;;;http://www.carlopazolini.com/ru/collection/men/shoes/sneakers
;;;;;;;;Мужской;САНДАЛИИ;;;;http://www.carlopazolini.com/ru/collection/men/shoes/sandals
;;;;7900;SD-TOL1-11;SD-TOL1-11;40,41,42,43;Мужской;ПОЛУБОТИНКИ;бордовый;"Полуботинки из кожи";Китай;http://www.carlopazolini.com/ru/collection/men/shoes/loafers-and-moccasins/sd-tol1-11
;;;5750;4600;FG-RDS1-1;FG-RDS1-1;40,41,42,43,44;Мужской;ПОЛУБОТИНКИ;черный;"Полуботинки из кожи.";Китай;http://www.carlopazolini.com/ru/collection/men/shoes/loafers-and-moccasins/fg-rds1-1
;;;10750;8600;IL-X9417-6;IL-X9417-6;40,41,43,44,45;Мужской;ПОЛУБОТИНКИ;синий;"Полуботинки из велюра.";Италия;http://www.carlopazolini.com/ru/collection/men/shoes/loafers-and-moccasins/il-x9417-6
;;;10750;8600;IL-X8060-3;IL-X8060-3;40,41,42,43,44;Мужской;ПОЛУБОТИНКИ;бежевый;"Полуботинки из кожи.";Италия;http://www.carlopazolini.com/ru/collection/men/shoes/loafers-and-moccasins/il-x8060-3
;;;10750;8600;IL-X8060-6;IL-X8060-6;41,42,43,44,45;Мужской;ПОЛУБОТИНКИ;синий;"Полуботинки из кожи.";Италия;http://www.carlopazolini.com/ru/collection/men/shoes/loafers-and-moccasins/il-x8060-6
;;;10750;8600;IL-X8064-1;IL-X8064-1;42,43,44,45,46;Мужской;ПОЛУБОТИНКИ;черный;"Полуботинки из кожи.";Италия;http://www.carlopazolini.com/ru/collection/men/shoes/loafers-and-moccasins/il-x8064-1
;;;10750;8600;IL-X8067-2;IL-X8067-2;39,40,41,42,43,44;Мужской;ПОЛУБОТИНКИ;коричневый;"Полуботинки из кожи.";Италия;http://www.carlopazolini.com/ru/collection/men/shoes/loafers-and-moccasins/il-x8067-2
;;;8250;6600;IO-X0513-18;IO-X0513-18;40,41,42,43,44;Мужской;ПОЛУБОТИНКИ;коричневый;"Полуботинки из кожи.";Италия;http://www.carlopazolini.com/ru/collection/men/shoes/loafers-and-moccasins/io-x0513-18
;;;8250;6600;IO-X0513-5;IO-X0513-5;40,41,42,43,44;Мужской;ПОЛУБОТИНКИ;красный;"Полуботинки из кожи.";Италия;http://www.carlopazolini.com/ru/collection/men/shoes/loafers-and-moccasins/io-x0513-5
;;;5750;4600;WN-LNL6-6R1;WN-LNL6-6R1;40,41,42,43,44;Мужской;ПОЛУБОТИНКИ;синий;"Полуботинки из велюра с контрастной кожаной отделкой.";Китай;http://www.carlopazolini.com/ru/collection/men/shoes/loafers-and-moccasins/wn-lnl6-6r1
;;;;7400;HM-LRY1-6;HM-LRY1-6;41,42,43,44,45;Мужской;"НА ШНУРКАХ";синий;"Полуботинки на шнурках из велюра";Китай;http://www.carlopazolini.com/ru/collection/men/shoes/lace-ups/hm-lry1-6
;;;;9400;HM-SLV1-1;HM-SLV1-1;40,41,42,43,44,45;Мужской;"НА ШНУРКАХ";черный;"Полуботинки на шнурках из кожи";Китай;http://www.carlopazolini.com/ru/collection/men/shoes/lace-ups/hm-slv1-1
;;;;9400;HM-SLV1-4;HM-SLV1-4;40,41,42,43,44;Мужской;"НА ШНУРКАХ";белый;"Полуботинки на шнурках из кожи";Китай;http://www.carlopazolini.com/ru/collection/men/shoes/lace-ups/hm-slv1-4
;;;;9400;HM-SLV1-6;HM-SLV1-6;41,42,43,44,45,46;Мужской;"НА ШНУРКАХ";синий;"Полуботинки на шнурках из велюра";Китай;http://www.carlopazolini.com/ru/collection/men/shoes/lace-ups/hm-slv1-6
;;;;9400;SD-TOL2-1;SD-TOL2-1;40,41,42,43,44,45;Мужской;"НА ШНУРКАХ";черный;"Полуботинки на шнурках из кожи";Китай;http://www.carlopazolini.com/ru/collection/men/shoes/lace-ups/sd-tol2-1
;;;;13900;SF-LUC1-1;SF-LUC1-1;41,42,43;Мужской;"НА ШНУРКАХ";черный;"Кожаные полуботинки на шнурках";Италия;http://www.carlopazolini.com/ru/collection/men/shoes/lace-ups/sf-luc1-1
;;;;13900;SF-LUC1-3;SF-LUC1-3;42,43,44;Мужской;"НА ШНУРКАХ";бежевый;"Полуботинки на шнурках из велюра";Италия;http://www.carlopazolini.com/ru/collection/men/shoes/lace-ups/sf-luc1-3
;;;;13900;SF-LUC3-3;SF-LUC3-3;41,42,43;Мужской;"НА ШНУРКАХ";бежевый;"Ботинки на шнурках из велюра с перфорацией";Италия;http://www.carlopazolini.com/ru/collection/men/shoes/lace-ups/sf-luc3-3
;;;12050;9640;DB-X1597-1;DB-X1597-1;;Мужской;"НА ШНУРКАХ";черный;"Полуботинки на шнурках из лаковой кожи.";Италия;http://www.carlopazolini.com/ru/collection/men/shoes/lace-ups/db-x1597-1
;;;5750;4600;FG-RDS4-3;FG-RDS4-3;41,42,43,44,45;Мужской;"НА ШНУРКАХ";бежевый;"Полуботинки на шнурках из кожи.";Китай;http://www.carlopazolini.com/ru/collection/men/shoes/lace-ups/fg-rds4-3
;;;12050;9640;SF-VCO1-1;SF-VCO1-1;41,42,43,44,45;Мужской;"НА ШНУРКАХ";черный;"Полуботинки на шнурках из кожи.";Италия;http://www.carlopazolini.com/ru/collection/men/shoes/lace-ups/sf-vco1-1
;;;12050;9640;SF-VCO2-3;SF-VCO2-3;39,40,41,42,43,44;Мужской;"НА ШНУРКАХ";бежевый;"Полуботинки на шнурках из кожи.";Италия;http://www.carlopazolini.com/ru/collection/men/shoes/lace-ups/sf-vco2-3
;;;12050;9640;SF-VCO2-6;SF-VCO2-6;40,41,42,43,44;Мужской;"НА ШНУРКАХ";синий;"Полуботинки на шнурках из велюра.";Италия;http://www.carlopazolini.com/ru/collection/men/shoes/lace-ups/sf-vco2-6
;;;;6400;HM-GRF1-4;HM-GRF1-4;40,41,42,43,44,45,46;Мужской;МОКАСИНЫ;белый;"Кожаные мокасины с металлической фурнитурой";Китай;http://www.carlopazolini.com/ru/collection/men/shoes/moccasins/hm-grf1-4
;;;;6900;HM-GRF2-1;HM-GRF2-1;40,41,42,43,44,45;Мужской;МОКАСИНЫ;черный;"Мокасины из кожи с принтом";Китай;http://www.carlopazolini.com/ru/collection/men/shoes/moccasins/hm-grf2-1
;;;;7400;JH-LED2-1R3;JH-LED2-1R3;40,41,42,43,44;Мужской;МОКАСИНЫ;черный;"Кожаные мокасины с отделкой из плетеной кожи";Китай;http://www.carlopazolini.com/ru/collection/men/shoes/moccasins/jh-led2-1r3
;;;;7400;JH-LED2-2R3;JH-LED2-2R3;40,41,42,43,44;Мужской;МОКАСИНЫ;коричневый;"Кожаные мокасины с отделкой из плетеной кожи";Китай;http://www.carlopazolini.com/ru/collection/men/shoes/moccasins/jh-led2-2r3
;;;;7400;JH-LED2-6R1;JH-LED2-6R1;40,41,42,43,44;Мужской;МОКАСИНЫ;синий;"Кожаные мокасины с отделкой из плетеной кожи";Китай;http://www.carlopazolini.com/ru/collection/men/shoes/moccasins/jh-led2-6r1
;;;;5900;JH-X2001-6R2;JH-X2001-6R2;40,41,42,43,44;Мужской;МОКАСИНЫ;синий;"Мокасины из велюра";Китай;http://www.carlopazolini.com/ru/collection/men/shoes/moccasins/jh-x2001-6r2
;;;;7400;JH-X3501-6;JH-X3501-6;40,41,42,43,44,45;Мужской;МОКАСИНЫ;синий;"Мокасины из кожи";Китай;http://www.carlopazolini.com/ru/collection/men/shoes/moccasins/jh-x3501-6
;;;;7900;FG-LTS1-1R2;FG-LTS1-1R2;40,41,42,43,44,45,46;Мужской;СНИКЕРЫ;черный;"Кожаные кроссовки на липучках";Китай;http://www.carlopazolini.com/ru/collection/men/shoes/sneakers/fg-lts1-1r2
;;;;7900;FG-LTS3-1R2;FG-LTS3-1R2;39,40,41,42,43,44,45;Мужской;СНИКЕРЫ;черный;"Кожаные кроссовки на шнурках";Китай;http://www.carlopazolini.com/ru/collection/men/shoes/sneakers/fg-lts3-1r2
;;;;6400;HM-AMU3-6;HM-AMU3-6;40,41,42,43,44,45;Мужской;СНИКЕРЫ;синий;"Кеды на шнурках из велюра";Китай;http://www.carlopazolini.com/ru/collection/men/shoes/sneakers/hm-amu3-6
;;;;7400;JH-DOM3-6;JH-DOM3-6;40,41,42,43,44,45;Мужской;СНИКЕРЫ;синий;"Кроссовки на шнурках из велюра";Китай;http://www.carlopazolini.com/ru/collection/men/shoes/sneakers/jh-dom3-6
;;;;4400;HM-X0121-1R2;HM-X0121-1R2;40,41,42,43,44,45,46;Мужской;САНДАЛИИ;черный;"Сандалии из кожи";Китай;http://www.carlopazolini.com/ru/collection/men/shoes/sandals/hm-x0121-1r2
;;;;4400;HM-X0121-2DK;HM-X0121-2DK;40,41,42,43,44,45;Мужской;САНДАЛИИ;коричневый;"Сандалии из кожи";Китай;http://www.carlopazolini.com/ru/collection/men/shoes/sandals/hm-x0121-2dk
;;;;4400;HM-X3891-1R1;HM-X3891-1R1;40,41,42,43,44,45,46;Мужской;САНДАЛИИ;черный;"Сандалии из кожи";Китай;http://www.carlopazolini.com/ru/collection/men/shoes/sandals/hm-x3891-1r1
